{"cameraMode":{"drawMode":0,"name":"Shaded","section":"Shading Mode"},"sceneLighting":true,"audioPlay":false,"sceneViewState":{"m_AlwaysRefresh":false,"showFog":true,"showSkybox":true,"showFlares":true,"showImageEffects":true,"showParticleSystems":true,"showVisualEffectGraphs":true,"m_FxEnabled":true},"in2DMode":false,"pivot":{"x":-7.4988555908203129,"y":-7.448504447937012,"z":12.401134490966797},"rotation":{"x":0.2046251893043518,"y":-0.33148112893104555,"z":0.07389127463102341,"w":0.9180503487586975},"size":20.057260513305665,"orthographic":false}