{"cameraMode":{"drawMode":0,"name":"Shaded","section":"Shading Mode"},"sceneLighting":false,"audioPlay":false,"sceneViewState":{"m_AlwaysRefresh":false,"showFog":true,"showSkybox":false,"showFlares":true,"showImageEffects":true,"showParticleSystems":true,"showVisualEffectGraphs":true,"m_FxEnabled":true},"in2DMode":false,"pivot":{"x":-0.03669130802154541,"y":0.035478293895721439,"z":-5.002640724182129},"rotation":{"x":0.08184707164764404,"y":-0.5789086222648621,"z":0.05856086313724518,"w":0.8091790676116943},"size":2.9660251140594484,"orthographic":false}