{"cameraMode":{"drawMode":0,"name":"Shaded","section":"Shading Mode"},"sceneLighting":true,"audioPlay":false,"sceneViewState":{"m_AlwaysRefresh":false,"showFog":true,"showSkybox":true,"showFlares":true,"showImageEffects":true,"showParticleSystems":true,"showVisualEffectGraphs":true,"m_FxEnabled":true},"in2DMode":false,"pivot":{"x":496.8580322265625,"y":920.1246948242188,"z":-24.57806396484375},"rotation":{"x":-0.012308085337281227,"y":0.005096721928566694,"z":-0.00008289803372463211,"w":-0.9999336004257202},"size":1089.0040283203125,"orthographic":false}