{"cameraMode":{"drawMode":0,"name":"Shaded","section":"Shading Mode"},"sceneLighting":false,"audioPlay":false,"sceneViewState":{"m_AlwaysRefresh":false,"showFog":true,"showSkybox":false,"showFlares":true,"showImageEffects":true,"showParticleSystems":true,"showVisualEffectGraphs":true,"m_FxEnabled":true},"in2DMode":false,"pivot":{"x":0.2799999713897705,"y":1.4100000858306885,"z":0.8076143264770508},"rotation":{"x":0.2046251893043518,"y":-0.33148112893104555,"z":0.07389127463102341,"w":0.9180503487586975},"size":9.256254196166993,"orthographic":false}